{"Case 1": {"p=1 r=0.25": {"Dosage": 106.0204081632653, "Delta t": 7.816326530612245, "Effectiveness": 27298.270147541858}, "p=1 r=0.5": {"Dosage": 55.51020408163265, "Delta t": 4.408163265306122, "Effectiveness": 27995.005760048436}}, "Case 2": {"p=1 r=0.25": {"Dosage": 186.83673469387756, "Delta t": 14.63265306122449, "Effectiveness": 4880.0}}}